{
  "libraries": [
    {
      "name": "me.deftware:weaver:1.0.0",
      "url": "https://gitlab.com/EMC-Framework/maven/raw/master/"
    },
    {
      "name": "net.fabricmc:loader-v2:latest",
      "url": "https://gitlab.com/EMC-Framework/maven/raw/master/"
    },
    {
      "name": "net.fabricmc:sponge-mixin:0.12.5+mixin.0.8.5",
      "url": "https://maven.fabricmc.net/"
    },
    {
      "name": "net.fabricmc:tiny-remapper:0.8.2",
      "url": "https://maven.fabricmc.net/"
    },
    {
      "name": "net.fabricmc:tiny-mappings-parser:0.3.0+build.17",
      "url": "https://maven.fabricmc.net/"
    },
    {
      "name": "net.fabricmc:access-widener:2.1.0",
      "url": "https://maven.fabricmc.net/"
    },
    {
      "name": "org.ow2.asm:asm:9.5",
      "url": "https://maven.fabricmc.net/"
    },
    {
      "name": "org.ow2.asm:asm-analysis:9.5",
      "url": "https://maven.fabricmc.net/"
    },
    {
      "name": "org.ow2.asm:asm-commons:9.5",
      "url": "https://maven.fabricmc.net/"
    },
    {
      "name": "org.ow2.asm:asm-tree:9.5",
      "url": "https://maven.fabricmc.net/"
    },
    {
      "name": "org.ow2.asm:asm-util:9.5",
      "url": "https://maven.fabricmc.net/"
    },
    {
      "name": "io.netty:netty-handler-proxy:4.1.76.Final",
      "url": "https://repo.maven.apache.org/maven2/"
    },
    {
      "name": "com.thealtening.auth:auth:3.0.2-j9",
      "url": "https://repo.maven.apache.org/maven2/"
    },
    {
      "name": "net.fabricmc:intermediary:1.19.3",
      "url": "https://maven.fabricmc.net/"
    },
    {
      "name": "me.deftware:aristois:loader",
      "url": "https://maven.aristois.net/"
    },
    {
      "name": "me.deftware:EMC-F-v2:latest-1.19.3",
      "url": "https://gitlab.com/EMC-Framework/maven/raw/master/"
    }
  ],
  "mainClass": "me.deftware.weaver.Main",
  "id": "1.19.3-Aristois",
  "time": "2023-08-14T04:16:23+00:00",
  "releaseTime": "2023-08-14T04:16:23+00:00",
  "inheritsFrom": "1.19.3",
  "type": "release"
}